domain,n,len_chars_mean,len_chars_median,len_tokens_mean,len_tokens_median,digit_ratio_mean,digit_ratio_median,upper_ratio_mean,upper_ratio_median,punct_ratio_mean,punct_ratio_median,url_cnt_mean,url_cnt_median,email_cnt_mean,email_cnt_median,phone_cnt_mean,phone_cnt_median,avg_tok_len_mean,avg_tok_len_median,digit_per_tok_mean,digit_per_tok_median
sms,4100,79.42292682926829,61.0,16.043170731707317,12.0,0.017569325861072342,0.0,0.06195734387219241,0.03629776021080369,0.0578368500385706,0.045454545454545456,0.015853658536585366,0.0,0.0012195121951219512,0.0,0.07341463414634146,0.0,3.7720213660661566,3.7,0.09400029226815439,0.0
spamassassin,2307,2146.3610749891636,970.0,299.24967490247076,154.0,0.04330978292325535,0.021728395061728394,0.05425238281613032,0.03908045977011494,0.11480141641591948,0.1031390134529148,2.3701777199826615,1.0,1.0927611616818378,1.0,0.7659297789336801,0.0,4.7696282715449385,4.3603238866396765,0.306923509521104,0.13806327900287632
telegram,15990,309.40775484677926,156.0,55.48961851156973,28.0,0.036729599455752396,0.010376152345064261,0.0012554822108057247,0.0,0.00749978064239401,0.0,6.253908692933083e-05,0.0,0.0,0.0,0.5116322701688555,0.0,4.412276071088654,4.34,0.25865726683940854,0.05555555555555555
