domain_a,domain_b,jsd_char_3to5
sms,spamassassin,0.19966080148736068
sms,telegram,0.13871238429434957
spamassassin,telegram,0.14537245854776798
