model,clean_f1_clean_train,clean_f1_eat_train,clean_diff,obf_robustness_gain,para_robustness_gain
telegram_dedup_tfidf_word_lr,0.8959276018099548,0.9075342465753424,0.011606644765387641,0.022328006347047458,0.014209680032906569
telegram_dedup_tfidf_char_svm,0.950477845351868,0.9505637467476149,8.590139574693456e-05,-0.029184826335286518,0.001086394831238624
