train_domain,test_domain,split,model,seed,defense,attack,f1,precision,recall,roc_auc
sms,sms,test,distilbert_ft,0,none,clean,0.991869918699187,1.0,0.9838709677419355,0.9998569487161146
sms,spamassassin,test,distilbert_ft,0,none,clean,0.5481927710843374,0.48404255319148937,0.6319444444444444,0.48840996168582373
