name,f1,precision,recall,roc_auc
tfidf_word_lr.joblib,0.920863309352518,1.0,0.8533333333333334,0.9950034506556246
tfidf_char_svm.joblib,0.9726027397260274,1.0,0.9466666666666667,
minilm_lr.joblib,0.9517241379310345,0.9857142857142858,0.92,0.9924913733609386
tfidf_llm_lr_val,0.8346456692913385,1.0,0.7162162162162162,
tfidf_llm_lr_test,0.9051094890510949,1.0,0.8266666666666667,
